,Date,Weekday,Daytime,Action,TransactionType,CardFrom,CardType,DocSubType,SdkVersion,CardSide,Transactions
2,06/01/24,Saturday,[2 p.m - 8 p.m),CAPTURE,VALID,CAMERA,MEX_NATIONAL_ID,C,2.12.6,BOTH,1
3,15/01/24,Monday,[3 a.m - 8 a.m),CAPTURE,VALID,CAMERA,MEX_NATIONAL_ID,G,2.12.6,BOTH,1
4,19/01/24,Friday,[2 p.m - 8 p.m),CAPTURE,VALID,GALLERY,MEX_NATIONAL_ID,E,2.12.6,BOTH,1
5,22/01/24,Monday,[2 p.m - 8 p.m),CAPTURE,VALID,CAMERA,MEX_NATIONAL_ID,D,2.12.6,BOTH,1
6,22/01/24,Monday,[2 p.m - 8 p.m),CAPTURE,VALID,CAMERA,MEX_NATIONAL_ID,E,2.12.6,BOTH,3
7,22/01/24,Monday,[2 p.m - 8 p.m),CAPTURE,VALID,CAMERA,MEX_NATIONAL_ID,F,2.12.6,BACK,1
8,22/01/24,Monday,[3 a.m - 8 a.m),CAPTURE,VALID,CAMERA,MEX_NATIONAL_ID,C,2.12.6,BOTH,4
9,22/01/24,Monday,[3 a.m - 8 a.m),CAPTURE,VALID,CAMERA,MEX_NATIONAL_ID,C,2.12.6,BACK,2
10,22/01/24,Monday,[3 a.m - 8 a.m),CAPTURE,VALID,CAMERA,MEX_NATIONAL_ID,D,2.12.6,FRONT,2
11,22/01/24,Monday,[3 a.m - 8 a.m),CAPTURE,VALID,CAMERA,MEX_NATIONAL_ID,D,2.12.6,BOTH,9
12,22/01/24,Monday,[3 a.m - 8 a.m),CAPTURE,VALID,CAMERA,MEX_NATIONAL_ID,D,2.12.6,BACK,1
13,22/01/24,Monday,[3 a.m - 8 a.m),CAPTURE,VALID,CAMERA,MEX_NATIONAL_ID,E,2.12.6,BOTH,5
14,22/01/24,Monday,[3 a.m - 8 a.m),CAPTURE,VALID,CAMERA,MEX_NATIONAL_ID,F,2.12.6,BOTH,3
15,22/01/24,Monday,[3 a.m - 8 a.m),CAPTURE,VALID,CAMERA,MEX_NATIONAL_ID,F,2.12.6,BACK,1
16,22/01/24,Monday,[3 a.m - 8 a.m),CAPTURE,VALID,CAMERA,MEX_NATIONAL_ID,G,2.12.6,FRONT,1
17,22/01/24,Monday,[3 a.m - 8 a.m),CAPTURE,VALID,CAMERA,MEX_NATIONAL_ID,G,2.12.6,BOTH,3
18,22/01/24,Monday,[3 a.m - 8 a.m),CAPTURE,VALID,CAMERA,MEX_NATIONAL_ID,G,2.12.6,BACK,1
19,22/01/24,Monday,[3 a.m - 8 a.m),CAPTURE,VALID,CAMERA,MEX_NATIONAL_ID,H,2.12.6,FRONT,1
20,22/01/24,Monday,[3 a.m - 8 a.m),CAPTURE,VALID,GALLERY,MEX_NATIONAL_ID,C,2.12.7,BOTH,1
21,22/01/24,Monday,[3 a.m - 8 a.m),CAPTURE,VALID,GALLERY,MEX_NATIONAL_ID,D,2.12.6,BOTH,3
22,22/01/24,Monday,[3 a.m - 8 a.m),CAPTURE,VALID,GALLERY,MEX_NATIONAL_ID,D,2.12.6,BACK,2
23,22/01/24,Monday,[3 a.m - 8 a.m),CAPTURE,VALID,GALLERY,MEX_NATIONAL_ID,D,2.12.7,BOTH,1
24,22/01/24,Monday,[3 a.m - 8 a.m),CAPTURE,VALID,GALLERY,MEX_NATIONAL_ID,E,2.12.6,BOTH,1
25,22/01/24,Monday,[3 a.m - 8 a.m),CAPTURE,VALID,GALLERY,MEX_NATIONAL_ID,F,2.12.6,BOTH,1
26,22/01/24,Monday,[3 a.m - 8 a.m),CAPTURE,VALID,GALLERY,MEX_NATIONAL_ID,F,2.12.6,BACK,1
27,22/01/24,Monday,[3 a.m - 8 a.m),CAPTURE,VALID,GALLERY,MEX_NATIONAL_ID,G,2.12.6,BOTH,1
28,22/01/24,Monday,[3 a.m - 8 a.m),CAPTURE,VALID,GALLERY,MEX_NATIONAL_ID,H,2.12.6,FRONT,1
29,23/01/24,Tuesday,[08 a.m - 2 p.m),CAPTURE,VALID,CAMERA,MEX_NATIONAL_ID,C,2.12.6,FRONT,16
30,23/01/24,Tuesday,[08 a.m - 2 p.m),CAPTURE,VALID,CAMERA,MEX_NATIONAL_ID,C,2.12.6,BOTH,116
31,23/01/24,Tuesday,[08 a.m - 2 p.m),CAPTURE,VALID,CAMERA,MEX_NATIONAL_ID,C,2.12.6,BACK,16
32,23/01/24,Tuesday,[08 a.m - 2 p.m),CAPTURE,VALID,CAMERA,MEX_NATIONAL_ID,D,2.12.6,FRONT,46
33,23/01/24,Tuesday,[08 a.m - 2 p.m),CAPTURE,VALID,CAMERA,MEX_NATIONAL_ID,D,2.12.6,BOTH,346
34,23/01/24,Tuesday,[08 a.m - 2 p.m),CAPTURE,VALID,CAMERA,MEX_NATIONAL_ID,D,2.12.6,BACK,59
35,23/01/24,Tuesday,[08 a.m - 2 p.m),CAPTURE,VALID,CAMERA,MEX_NATIONAL_ID,E,2.12.6,FRONT,17
36,23/01/24,Tuesday,[08 a.m - 2 p.m),CAPTURE,VALID,CAMERA,MEX_NATIONAL_ID,E,2.12.6,BOTH,148
37,23/01/24,Tuesday,[08 a.m - 2 p.m),CAPTURE,VALID,CAMERA,MEX_NATIONAL_ID,E,2.12.6,BACK,21
38,23/01/24,Tuesday,[08 a.m - 2 p.m),CAPTURE,VALID,CAMERA,MEX_NATIONAL_ID,F,2.12.6,FRONT,25
39,23/01/24,Tuesday,[08 a.m - 2 p.m),CAPTURE,VALID,CAMERA,MEX_NATIONAL_ID,F,2.12.6,BOTH,167
40,23/01/24,Tuesday,[08 a.m - 2 p.m),CAPTURE,VALID,CAMERA,MEX_NATIONAL_ID,F,2.12.6,BACK,26
41,23/01/24,Tuesday,[08 a.m - 2 p.m),CAPTURE,VALID,CAMERA,MEX_NATIONAL_ID,G,2.12.6,FRONT,9
42,23/01/24,Tuesday,[08 a.m - 2 p.m),CAPTURE,VALID,CAMERA,MEX_NATIONAL_ID,G,2.12.6,BOTH,74
43,23/01/24,Tuesday,[08 a.m - 2 p.m),CAPTURE,VALID,CAMERA,MEX_NATIONAL_ID,G,2.12.6,BACK,17
44,23/01/24,Tuesday,[08 a.m - 2 p.m),CAPTURE,VALID,CAMERA,MEX_NATIONAL_ID,H,2.12.6,FRONT,14
45,23/01/24,Tuesday,[08 a.m - 2 p.m),CAPTURE,VALID,CAMERA,MEX_NATIONAL_ID,H,2.12.6,BOTH,98
46,23/01/24,Tuesday,[08 a.m - 2 p.m),CAPTURE,VALID,CAMERA,MEX_NATIONAL_ID,H,2.12.6,BACK,19
47,23/01/24,Tuesday,[08 a.m - 2 p.m),CAPTURE,VALID,CAMERA,POA_CFE,NA,2.12.6,FRONT,1000
48,23/01/24,Tuesday,[08 a.m - 2 p.m),CAPTURE,VALID,GALLERY,MEX_NATIONAL_ID,C,2.12.6,FRONT,2
49,23/01/24,Tuesday,[08 a.m - 2 p.m),CAPTURE,VALID,GALLERY,MEX_NATIONAL_ID,C,2.12.6,BOTH,31
50,23/01/24,Tuesday,[08 a.m - 2 p.m),CAPTURE,VALID,GALLERY,MEX_NATIONAL_ID,C,2.12.6,BACK,1
51,23/01/24,Tuesday,[08 a.m - 2 p.m),CAPTURE,VALID,GALLERY,MEX_NATIONAL_ID,D,2.12.6,FRONT,25
52,23/01/24,Tuesday,[08 a.m - 2 p.m),CAPTURE,VALID,GALLERY,MEX_NATIONAL_ID,D,2.12.6,BOTH,118
53,23/01/24,Tuesday,[08 a.m - 2 p.m),CAPTURE,VALID,GALLERY,MEX_NATIONAL_ID,D,2.12.6,BACK,20
54,23/01/24,Tuesday,[08 a.m - 2 p.m),CAPTURE,VALID,GALLERY,MEX_NATIONAL_ID,D,2.12.7,BACK,1
55,23/01/24,Tuesday,[08 a.m - 2 p.m),CAPTURE,VALID,GALLERY,MEX_NATIONAL_ID,E,2.12.6,FRONT,10
56,23/01/24,Tuesday,[08 a.m - 2 p.m),CAPTURE,VALID,GALLERY,MEX_NATIONAL_ID,E,2.12.6,BOTH,48
57,23/01/24,Tuesday,[08 a.m - 2 p.m),CAPTURE,VALID,GALLERY,MEX_NATIONAL_ID,E,2.12.6,BACK,11
58,23/01/24,Tuesday,[08 a.m - 2 p.m),CAPTURE,VALID,GALLERY,MEX_NATIONAL_ID,F,2.12.6,FRONT,12
59,23/01/24,Tuesday,[08 a.m - 2 p.m),CAPTURE,VALID,GALLERY,MEX_NATIONAL_ID,F,2.12.6,BOTH,47
60,23/01/24,Tuesday,[08 a.m - 2 p.m),CAPTURE,VALID,GALLERY,MEX_NATIONAL_ID,F,2.12.6,BACK,3
61,23/01/24,Tuesday,[08 a.m - 2 p.m),CAPTURE,VALID,GALLERY,MEX_NATIONAL_ID,G,2.12.6,FRONT,3
62,23/01/24,Tuesday,[08 a.m - 2 p.m),CAPTURE,VALID,GALLERY,MEX_NATIONAL_ID,G,2.12.6,BOTH,20
63,23/01/24,Tuesday,[08 a.m - 2 p.m),CAPTURE,VALID,GALLERY,MEX_NATIONAL_ID,G,2.12.6,BACK,2
64,23/01/24,Tuesday,[08 a.m - 2 p.m),CAPTURE,VALID,GALLERY,MEX_NATIONAL_ID,H,2.12.6,FRONT,8
65,23/01/24,Tuesday,[08 a.m - 2 p.m),CAPTURE,VALID,GALLERY,MEX_NATIONAL_ID,H,2.12.6,BOTH,37
66,23/01/24,Tuesday,[08 a.m - 2 p.m),CAPTURE,VALID,GALLERY,MEX_NATIONAL_ID,H,2.12.6,BACK,9
67,23/01/24,Tuesday,[08 a.m - 2 p.m),CAPTURE,VALID,GALLERY,MEX_NATIONAL_ID,H,2.12.7,BACK,100
68,23/01/24,Tuesday,[2 p.m - 8 p.m),CAPTURE,VALID,CAMERA,MEX_NATIONAL_ID,C,2.12.6,FRONT,16
69,23/01/24,Tuesday,[2 p.m - 8 p.m),CAPTURE,VALID,CAMERA,MEX_NATIONAL_ID,C,2.12.6,BOTH,93
70,23/01/24,Tuesday,[2 p.m - 8 p.m),CAPTURE,VALID,CAMERA,MEX_NATIONAL_ID,C,2.12.6,BACK,17
71,23/01/24,Tuesday,[2 p.m - 8 p.m),CAPTURE,VALID,CAMERA,MEX_NATIONAL_ID,C,2.12.7,BOTH,10
72,23/01/24,Tuesday,[2 p.m - 8 p.m),CAPTURE,VALID,CAMERA,MEX_NATIONAL_ID,D,2.12.6,FRONT,52
73,23/01/24,Tuesday,[2 p.m - 8 p.m),CAPTURE,VALID,CAMERA,MEX_NATIONAL_ID,D,2.12.6,BOTH,314
74,23/01/24,Tuesday,[2 p.m - 8 p.m),CAPTURE,VALID,CAMERA,MEX_NATIONAL_ID,D,2.12.6,BACK,62
75,23/01/24,Tuesday,[2 p.m - 8 p.m),CAPTURE,VALID,CAMERA,MEX_NATIONAL_ID,D,2.12.7,BOTH,10
76,23/01/24,Tuesday,[2 p.m - 8 p.m),CAPTURE,VALID,CAMERA,MEX_NATIONAL_ID,E,2.12.6,FRONT,24
77,23/01/24,Tuesday,[2 p.m - 8 p.m),CAPTURE,VALID,CAMERA,MEX_NATIONAL_ID,E,2.12.6,BOTH,119
78,23/01/24,Tuesday,[2 p.m - 8 p.m),CAPTURE,VALID,CAMERA,MEX_NATIONAL_ID,E,2.12.6,BACK,30
79,23/01/24,Tuesday,[2 p.m - 8 p.m),CAPTURE,VALID,CAMERA,MEX_NATIONAL_ID,E,2.12.7,BOTH,1
80,23/01/24,Tuesday,[2 p.m - 8 p.m),CAPTURE,VALID,CAMERA,MEX_NATIONAL_ID,E,2.12.7,BACK,1
81,23/01/24,Tuesday,[2 p.m - 8 p.m),CAPTURE,VALID,CAMERA,MEX_NATIONAL_ID,F,2.12.6,FRONT,40
82,23/01/24,Tuesday,[2 p.m - 8 p.m),CAPTURE,VALID,CAMERA,MEX_NATIONAL_ID,F,2.12.6,BOTH,172
83,23/01/24,Tuesday,[2 p.m - 8 p.m),CAPTURE,VALID,CAMERA,MEX_NATIONAL_ID,F,2.12.6,BACK,34
84,23/01/24,Tuesday,[2 p.m - 8 p.m),CAPTURE,VALID,CAMERA,MEX_NATIONAL_ID,F,2.12.7,FRONT,2
85,23/01/24,Tuesday,[2 p.m - 8 p.m),CAPTURE,VALID,CAMERA,MEX_NATIONAL_ID,F,2.12.7,BACK,1
86,23/01/24,Tuesday,[2 p.m - 8 p.m),CAPTURE,VALID,CAMERA,MEX_NATIONAL_ID,G,2.12.6,FRONT,10
87,23/01/24,Tuesday,[2 p.m - 8 p.m),CAPTURE,VALID,CAMERA,MEX_NATIONAL_ID,G,2.12.6,BOTH,62
88,23/01/24,Tuesday,[2 p.m - 8 p.m),CAPTURE,VALID,CAMERA,MEX_NATIONAL_ID,G,2.12.6,BACK,13
89,23/01/24,Tuesday,[2 p.m - 8 p.m),CAPTURE,VALID,CAMERA,MEX_NATIONAL_ID,H,2.12.6,FRONT,10
90,23/01/24,Tuesday,[2 p.m - 8 p.m),CAPTURE,VALID,CAMERA,MEX_NATIONAL_ID,H,2.12.6,BOTH,96
91,23/01/24,Tuesday,[2 p.m - 8 p.m),CAPTURE,VALID,CAMERA,MEX_NATIONAL_ID,H,2.12.6,BACK,20
92,23/01/24,Tuesday,[2 p.m - 8 p.m),CAPTURE,VALID,CAMERA,MEX_NATIONAL_ID,H,2.12.7,BOTH,1
93,23/01/24,Tuesday,[2 p.m - 8 p.m),CAPTURE,VALID,GALLERY,MEX_NATIONAL_ID,C,2.12.6,FRONT,3
94,23/01/24,Tuesday,[2 p.m - 8 p.m),CAPTURE,VALID,GALLERY,MEX_NATIONAL_ID,C,2.12.6,BOTH,29
95,23/01/24,Tuesday,[2 p.m - 8 p.m),CAPTURE,VALID,GALLERY,MEX_NATIONAL_ID,C,2.12.6,BACK,8
96,23/01/24,Tuesday,[2 p.m - 8 p.m),CAPTURE,VALID,GALLERY,MEX_NATIONAL_ID,D,2.12.6,FRONT,16
97,23/01/24,Tuesday,[2 p.m - 8 p.m),CAPTURE,VALID,GALLERY,MEX_NATIONAL_ID,D,2.12.6,BOTH,102
98,23/01/24,Tuesday,[2 p.m - 8 p.m),CAPTURE,VALID,GALLERY,MEX_NATIONAL_ID,D,2.12.6,BACK,19
99,23/01/24,Tuesday,[2 p.m - 8 p.m),CAPTURE,VALID,GALLERY,MEX_NATIONAL_ID,D,2.12.7,BOTH,1
100,23/01/24,Tuesday,[2 p.m - 8 p.m),CAPTURE,VALID,GALLERY,MEX_NATIONAL_ID,E,2.12.6,FRONT,6
101,23/01/24,Tuesday,[2 p.m - 8 p.m),CAPTURE,VALID,GALLERY,MEX_NATIONAL_ID,E,2.12.6,BOTH,49
102,23/01/24,Tuesday,[2 p.m - 8 p.m),CAPTURE,VALID,GALLERY,MEX_NATIONAL_ID,E,2.12.6,BACK,12
103,23/01/24,Tuesday,[2 p.m - 8 p.m),CAPTURE,VALID,GALLERY,MEX_NATIONAL_ID,E,2.12.7,BOTH,1
104,23/01/24,Tuesday,[2 p.m - 8 p.m),CAPTURE,VALID,GALLERY,MEX_NATIONAL_ID,F,2.12.6,FRONT,7
105,23/01/24,Tuesday,[2 p.m - 8 p.m),CAPTURE,VALID,GALLERY,MEX_NATIONAL_ID,F,2.12.6,BOTH,37
106,23/01/24,Tuesday,[2 p.m - 8 p.m),CAPTURE,VALID,GALLERY,MEX_NATIONAL_ID,F,2.12.6,BACK,12
107,23/01/24,Tuesday,[2 p.m - 8 p.m),CAPTURE,VALID,GALLERY,MEX_NATIONAL_ID,G,2.12.6,FRONT,4
108,23/01/24,Tuesday,[2 p.m - 8 p.m),CAPTURE,VALID,GALLERY,MEX_NATIONAL_ID,G,2.12.6,BOTH,21
109,23/01/24,Tuesday,[2 p.m - 8 p.m),CAPTURE,VALID,GALLERY,MEX_NATIONAL_ID,G,2.12.6,BACK,5
110,23/01/24,Tuesday,[2 p.m - 8 p.m),CAPTURE,VALID,GALLERY,MEX_NATIONAL_ID,G,2.12.7,FRONT,50
111,23/01/24,Tuesday,[2 p.m - 8 p.m),CAPTURE,VALID,GALLERY,MEX_NATIONAL_ID,H,2.12.6,FRONT,5
112,23/01/24,Tuesday,[2 p.m - 8 p.m),CAPTURE,VALID,GALLERY,MEX_NATIONAL_ID,H,2.12.6,BOTH,36
113,23/01/24,Tuesday,[2 p.m - 8 p.m),CAPTURE,VALID,GALLERY,MEX_NATIONAL_ID,H,2.12.6,BACK,5
114,23/01/24,Tuesday,[3 a.m - 8 a.m),CAPTURE,VALID,CAMERA,MEX_NATIONAL_ID,C,2.12.6,FRONT,9
115,23/01/24,Tuesday,[3 a.m - 8 a.m),CAPTURE,VALID,CAMERA,MEX_NATIONAL_ID,C,2.12.6,BOTH,45
116,23/01/24,Tuesday,[3 a.m - 8 a.m),CAPTURE,VALID,CAMERA,MEX_NATIONAL_ID,C,2.12.6,BACK,6
117,23/01/24,Tuesday,[3 a.m - 8 a.m),CAPTURE,VALID,CAMERA,MEX_NATIONAL_ID,D,2.12.6,FRONT,28
118,23/01/24,Tuesday,[3 a.m - 8 a.m),CAPTURE,VALID,CAMERA,MEX_NATIONAL_ID,D,2.12.6,BOTH,171
119,23/01/24,Tuesday,[3 a.m - 8 a.m),CAPTURE,VALID,CAMERA,MEX_NATIONAL_ID,D,2.12.6,BACK,28
120,23/01/24,Tuesday,[3 a.m - 8 a.m),CAPTURE,VALID,CAMERA,MEX_NATIONAL_ID,E,2.12.6,FRONT,9
121,23/01/24,Tuesday,[3 a.m - 8 a.m),CAPTURE,VALID,CAMERA,MEX_NATIONAL_ID,E,2.12.6,BOTH,61
122,23/01/24,Tuesday,[3 a.m - 8 a.m),CAPTURE,VALID,CAMERA,MEX_NATIONAL_ID,E,2.12.6,BACK,7
123,23/01/24,Tuesday,[3 a.m - 8 a.m),CAPTURE,VALID,CAMERA,MEX_NATIONAL_ID,F,2.12.6,FRONT,19
124,23/01/24,Tuesday,[3 a.m - 8 a.m),CAPTURE,VALID,CAMERA,MEX_NATIONAL_ID,F,2.12.6,BOTH,76
125,23/01/24,Tuesday,[3 a.m - 8 a.m),CAPTURE,VALID,CAMERA,MEX_NATIONAL_ID,F,2.12.6,BACK,14
126,23/01/24,Tuesday,[3 a.m - 8 a.m),CAPTURE,VALID,CAMERA,MEX_NATIONAL_ID,G,2.12.6,FRONT,5
127,23/01/24,Tuesday,[3 a.m - 8 a.m),CAPTURE,VALID,CAMERA,MEX_NATIONAL_ID,G,2.12.6,BOTH,32
128,23/01/24,Tuesday,[3 a.m - 8 a.m),CAPTURE,VALID,CAMERA,MEX_NATIONAL_ID,G,2.12.6,BACK,6
129,23/01/24,Tuesday,[3 a.m - 8 a.m),CAPTURE,VALID,CAMERA,MEX_NATIONAL_ID,H,2.12.6,FRONT,7
130,23/01/24,Tuesday,[3 a.m - 8 a.m),CAPTURE,VALID,CAMERA,MEX_NATIONAL_ID,H,2.12.6,BOTH,59
131,23/01/24,Tuesday,[3 a.m - 8 a.m),CAPTURE,VALID,CAMERA,MEX_NATIONAL_ID,H,2.12.6,BACK,5
132,23/01/24,Tuesday,[3 a.m - 8 a.m),CAPTURE,VALID,GALLERY,MEX_NATIONAL_ID,C,2.12.6,FRONT,7
133,23/01/24,Tuesday,[3 a.m - 8 a.m),CAPTURE,VALID,GALLERY,MEX_NATIONAL_ID,C,2.12.6,BOTH,17
134,23/01/24,Tuesday,[3 a.m - 8 a.m),CAPTURE,VALID,GALLERY,MEX_NATIONAL_ID,C,2.12.6,BACK,4
135,23/01/24,Tuesday,[3 a.m - 8 a.m),CAPTURE,VALID,GALLERY,MEX_NATIONAL_ID,D,2.12.6,FRONT,3
136,23/01/24,Tuesday,[3 a.m - 8 a.m),CAPTURE,VALID,GALLERY,MEX_NATIONAL_ID,D,2.12.6,BOTH,66
137,23/01/24,Tuesday,[3 a.m - 8 a.m),CAPTURE,VALID,GALLERY,MEX_NATIONAL_ID,D,2.12.6,BACK,12
138,23/01/24,Tuesday,[3 a.m - 8 a.m),CAPTURE,VALID,GALLERY,MEX_NATIONAL_ID,E,2.12.6,FRONT,8
139,23/01/24,Tuesday,[3 a.m - 8 a.m),CAPTURE,VALID,GALLERY,MEX_NATIONAL_ID,E,2.12.6,BOTH,19
140,23/01/24,Tuesday,[3 a.m - 8 a.m),CAPTURE,VALID,GALLERY,MEX_NATIONAL_ID,E,2.12.6,BACK,8
141,23/01/24,Tuesday,[3 a.m - 8 a.m),CAPTURE,VALID,GALLERY,MEX_NATIONAL_ID,F,2.12.6,FRONT,3
142,23/01/24,Tuesday,[3 a.m - 8 a.m),CAPTURE,VALID,GALLERY,MEX_NATIONAL_ID,F,2.12.6,BOTH,29
143,23/01/24,Tuesday,[3 a.m - 8 a.m),CAPTURE,VALID,GALLERY,MEX_NATIONAL_ID,F,2.12.6,BACK,5
144,23/01/24,Tuesday,[3 a.m - 8 a.m),CAPTURE,VALID,GALLERY,MEX_NATIONAL_ID,G,2.12.6,FRONT,1
145,23/01/24,Tuesday,[3 a.m - 8 a.m),CAPTURE,VALID,GALLERY,MEX_NATIONAL_ID,G,2.12.6,BOTH,11
146,23/01/24,Tuesday,[3 a.m - 8 a.m),CAPTURE,VALID,GALLERY,MEX_NATIONAL_ID,G,2.12.6,BACK,2
147,23/01/24,Tuesday,[3 a.m - 8 a.m),CAPTURE,VALID,GALLERY,MEX_NATIONAL_ID,H,2.12.6,FRONT,3
148,23/01/24,Tuesday,[3 a.m - 8 a.m),CAPTURE,VALID,GALLERY,MEX_NATIONAL_ID,H,2.12.6,BOTH,23
149,23/01/24,Tuesday,[3 a.m - 8 a.m),CAPTURE,VALID,GALLERY,MEX_NATIONAL_ID,H,2.12.6,BACK,4
150,24/01/24,Wednesday,[08 a.m - 2 p.m),CAPTURE,VALID,CAMERA,MEX_NATIONAL_ID,C,2.12.6,FRONT,15
151,24/01/24,Wednesday,[08 a.m - 2 p.m),CAPTURE,VALID,CAMERA,MEX_NATIONAL_ID,C,2.12.6,BOTH,95
152,24/01/24,Wednesday,[08 a.m - 2 p.m),CAPTURE,VALID,CAMERA,MEX_NATIONAL_ID,C,2.12.6,BACK,22
153,24/01/24,Wednesday,[08 a.m - 2 p.m),CAPTURE,VALID,CAMERA,MEX_NATIONAL_ID,D,2.12.6,FRONT,72
154,24/01/24,Wednesday,[08 a.m - 2 p.m),CAPTURE,VALID,CAMERA,MEX_NATIONAL_ID,D,2.12.6,BOTH,322
155,24/01/24,Wednesday,[08 a.m - 2 p.m),CAPTURE,VALID,CAMERA,MEX_NATIONAL_ID,D,2.12.6,BACK,75
156,24/01/24,Wednesday,[08 a.m - 2 p.m),CAPTURE,VALID,CAMERA,MEX_NATIONAL_ID,D,2.12.7,BOTH,50
157,24/01/24,Wednesday,[08 a.m - 2 p.m),CAPTURE,VALID,CAMERA,MEX_NATIONAL_ID,E,2.12.6,FRONT,22
158,24/01/24,Wednesday,[08 a.m - 2 p.m),CAPTURE,VALID,CAMERA,MEX_NATIONAL_ID,E,2.12.6,BOTH,149
159,24/01/24,Wednesday,[08 a.m - 2 p.m),CAPTURE,VALID,CAMERA,MEX_NATIONAL_ID,E,2.12.6,BACK,22
160,24/01/24,Wednesday,[08 a.m - 2 p.m),CAPTURE,VALID,CAMERA,MEX_NATIONAL_ID,F,2.12.6,FRONT,27
161,24/01/24,Wednesday,[08 a.m - 2 p.m),CAPTURE,VALID,CAMERA,MEX_NATIONAL_ID,F,2.12.6,BOTH,162
162,24/01/24,Wednesday,[08 a.m - 2 p.m),CAPTURE,VALID,CAMERA,MEX_NATIONAL_ID,F,2.12.6,BACK,32
163,24/01/24,Wednesday,[08 a.m - 2 p.m),CAPTURE,VALID,CAMERA,MEX_NATIONAL_ID,F,2.12.7,BOTH,20
164,24/01/24,Wednesday,[08 a.m - 2 p.m),CAPTURE,VALID,CAMERA,MEX_NATIONAL_ID,G,2.12.6,FRONT,11
165,24/01/24,Wednesday,[08 a.m - 2 p.m),CAPTURE,VALID,CAMERA,MEX_NATIONAL_ID,G,2.12.6,BOTH,74
166,24/01/24,Wednesday,[08 a.m - 2 p.m),CAPTURE,VALID,CAMERA,MEX_NATIONAL_ID,G,2.12.6,BACK,13
167,24/01/24,Wednesday,[08 a.m - 2 p.m),CAPTURE,VALID,CAMERA,MEX_NATIONAL_ID,H,2.12.6,FRONT,22
168,24/01/24,Wednesday,[08 a.m - 2 p.m),CAPTURE,VALID,CAMERA,MEX_NATIONAL_ID,H,2.12.6,BOTH,119
169,24/01/24,Wednesday,[08 a.m - 2 p.m),CAPTURE,VALID,CAMERA,MEX_NATIONAL_ID,H,2.12.6,BACK,25
170,24/01/24,Wednesday,[08 a.m - 2 p.m),CAPTURE,VALID,GALLERY,MEX_NATIONAL_ID,C,2.12.6,FRONT,5
171,24/01/24,Wednesday,[08 a.m - 2 p.m),CAPTURE,VALID,GALLERY,MEX_NATIONAL_ID,C,2.12.6,BOTH,36
172,24/01/24,Wednesday,[08 a.m - 2 p.m),CAPTURE,VALID,GALLERY,MEX_NATIONAL_ID,C,2.12.6,BACK,6
173,24/01/24,Wednesday,[08 a.m - 2 p.m),CAPTURE,VALID,GALLERY,MEX_NATIONAL_ID,D,2.12.6,FRONT,21
174,24/01/24,Wednesday,[08 a.m - 2 p.m),CAPTURE,VALID,GALLERY,MEX_NATIONAL_ID,D,2.12.6,BOTH,141
175,24/01/24,Wednesday,[08 a.m - 2 p.m),CAPTURE,VALID,GALLERY,MEX_NATIONAL_ID,D,2.12.6,BACK,25
176,24/01/24,Wednesday,[08 a.m - 2 p.m),CAPTURE,VALID,GALLERY,MEX_NATIONAL_ID,D,2.12.7,BOTH,30
177,24/01/24,Wednesday,[08 a.m - 2 p.m),CAPTURE,VALID,GALLERY,MEX_NATIONAL_ID,E,2.12.6,FRONT,2
178,24/01/24,Wednesday,[08 a.m - 2 p.m),CAPTURE,VALID,GALLERY,MEX_NATIONAL_ID,E,2.12.6,BOTH,47
179,24/01/24,Wednesday,[08 a.m - 2 p.m),CAPTURE,VALID,GALLERY,MEX_NATIONAL_ID,E,2.12.6,BACK,11
180,24/01/24,Wednesday,[08 a.m - 2 p.m),CAPTURE,VALID,GALLERY,MEX_NATIONAL_ID,F,2.12.6,FRONT,10
181,24/01/24,Wednesday,[08 a.m - 2 p.m),CAPTURE,VALID,GALLERY,MEX_NATIONAL_ID,F,2.12.6,BOTH,66
182,24/01/24,Wednesday,[08 a.m - 2 p.m),CAPTURE,VALID,GALLERY,MEX_NATIONAL_ID,F,2.12.6,BACK,9
183,24/01/24,Wednesday,[08 a.m - 2 p.m),CAPTURE,VALID,GALLERY,MEX_NATIONAL_ID,G,2.12.6,FRONT,3
184,24/01/24,Wednesday,[08 a.m - 2 p.m),CAPTURE,VALID,GALLERY,MEX_NATIONAL_ID,G,2.12.6,BOTH,31
185,24/01/24,Wednesday,[08 a.m - 2 p.m),CAPTURE,VALID,GALLERY,MEX_NATIONAL_ID,G,2.12.6,BACK,1
186,24/01/24,Wednesday,[08 a.m - 2 p.m),CAPTURE,VALID,GALLERY,MEX_NATIONAL_ID,H,2.12.6,FRONT,6
187,24/01/24,Wednesday,[08 a.m - 2 p.m),CAPTURE,VALID,GALLERY,MEX_NATIONAL_ID,H,2.12.6,BOTH,25
188,24/01/24,Wednesday,[08 a.m - 2 p.m),CAPTURE,VALID,GALLERY,MEX_NATIONAL_ID,H,2.12.6,BACK,5
189,24/01/24,Wednesday,[2 p.m - 8 p.m),CAPTURE,VALID,CAMERA,MEX_NATIONAL_ID,C,2.12.6,FRONT,18
190,24/01/24,Wednesday,[2 p.m - 8 p.m),CAPTURE,VALID,CAMERA,MEX_NATIONAL_ID,C,2.12.6,BOTH,102
191,24/01/24,Wednesday,[2 p.m - 8 p.m),CAPTURE,VALID,CAMERA,MEX_NATIONAL_ID,C,2.12.6,BACK,18
192,24/01/24,Wednesday,[2 p.m - 8 p.m),CAPTURE,VALID,CAMERA,MEX_NATIONAL_ID,D,2.12.6,FRONT,62
193,24/01/24,Wednesday,[2 p.m - 8 p.m),CAPTURE,VALID,CAMERA,MEX_NATIONAL_ID,D,2.12.6,BOTH,318
194,24/01/24,Wednesday,[2 p.m - 8 p.m),CAPTURE,VALID,CAMERA,MEX_NATIONAL_ID,D,2.12.6,BACK,64
195,24/01/24,Wednesday,[2 p.m - 8 p.m),CAPTURE,VALID,CAMERA,MEX_NATIONAL_ID,D,2.12.7,FRONT,1
196,24/01/24,Wednesday,[2 p.m - 8 p.m),CAPTURE,VALID,CAMERA,MEX_NATIONAL_ID,D,2.12.7,BOTH,2
197,24/01/24,Wednesday,[2 p.m - 8 p.m),CAPTURE,VALID,CAMERA,MEX_NATIONAL_ID,E,2.12.6,FRONT,27
198,24/01/24,Wednesday,[2 p.m - 8 p.m),CAPTURE,VALID,CAMERA,MEX_NATIONAL_ID,E,2.12.6,BOTH,140
199,24/01/24,Wednesday,[2 p.m - 8 p.m),CAPTURE,VALID,CAMERA,MEX_NATIONAL_ID,E,2.12.6,BACK,28
200,24/01/24,Wednesday,[2 p.m - 8 p.m),CAPTURE,VALID,CAMERA,MEX_NATIONAL_ID,E,2.12.7,BOTH,1
201,24/01/24,Wednesday,[2 p.m - 8 p.m),CAPTURE,VALID,CAMERA,MEX_NATIONAL_ID,F,2.12.6,FRONT,34
202,24/01/24,Wednesday,[2 p.m - 8 p.m),CAPTURE,VALID,CAMERA,MEX_NATIONAL_ID,F,2.12.6,BOTH,178
203,24/01/24,Wednesday,[2 p.m - 8 p.m),CAPTURE,VALID,CAMERA,MEX_NATIONAL_ID,F,2.12.6,BACK,41
204,24/01/24,Wednesday,[2 p.m - 8 p.m),CAPTURE,VALID,CAMERA,MEX_NATIONAL_ID,G,2.12.6,FRONT,7
205,24/01/24,Wednesday,[2 p.m - 8 p.m),CAPTURE,VALID,CAMERA,MEX_NATIONAL_ID,G,2.12.6,BOTH,58
206,24/01/24,Wednesday,[2 p.m - 8 p.m),CAPTURE,VALID,CAMERA,MEX_NATIONAL_ID,G,2.12.6,BACK,20
207,24/01/24,Wednesday,[2 p.m - 8 p.m),CAPTURE,VALID,CAMERA,MEX_NATIONAL_ID,H,2.12.6,FRONT,18
208,24/01/24,Wednesday,[2 p.m - 8 p.m),CAPTURE,VALID,CAMERA,MEX_NATIONAL_ID,H,2.12.6,BOTH,108
209,24/01/24,Wednesday,[2 p.m - 8 p.m),CAPTURE,VALID,CAMERA,MEX_NATIONAL_ID,H,2.12.6,BACK,15
210,24/01/24,Wednesday,[2 p.m - 8 p.m),CAPTURE,VALID,CAMERA,MEX_NATIONAL_ID,H,2.12.7,BOTH,2
211,24/01/24,Wednesday,[2 p.m - 8 p.m),CAPTURE,VALID,GALLERY,MEX_NATIONAL_ID,C,2.12.6,FRONT,7
212,24/01/24,Wednesday,[2 p.m - 8 p.m),CAPTURE,VALID,GALLERY,MEX_NATIONAL_ID,C,2.12.6,BOTH,50
213,24/01/24,Wednesday,[2 p.m - 8 p.m),CAPTURE,VALID,GALLERY,MEX_NATIONAL_ID,C,2.12.6,BACK,6
214,24/01/24,Wednesday,[2 p.m - 8 p.m),CAPTURE,VALID,GALLERY,MEX_NATIONAL_ID,D,2.12.6,FRONT,21
215,24/01/24,Wednesday,[2 p.m - 8 p.m),CAPTURE,VALID,GALLERY,MEX_NATIONAL_ID,D,2.12.6,BOTH,118
216,24/01/24,Wednesday,[2 p.m - 8 p.m),CAPTURE,VALID,GALLERY,MEX_NATIONAL_ID,D,2.12.6,BACK,15
217,24/01/24,Wednesday,[2 p.m - 8 p.m),CAPTURE,VALID,GALLERY,MEX_NATIONAL_ID,E,2.12.6,FRONT,9
218,24/01/24,Wednesday,[2 p.m - 8 p.m),CAPTURE,VALID,GALLERY,MEX_NATIONAL_ID,E,2.12.6,BOTH,43
219,24/01/24,Wednesday,[2 p.m - 8 p.m),CAPTURE,VALID,GALLERY,MEX_NATIONAL_ID,E,2.12.6,BACK,10
220,24/01/24,Wednesday,[2 p.m - 8 p.m),CAPTURE,VALID,GALLERY,MEX_NATIONAL_ID,E,2.12.7,FRONT,1
221,24/01/24,Wednesday,[2 p.m - 8 p.m),CAPTURE,VALID,GALLERY,MEX_NATIONAL_ID,F,2.12.6,FRONT,10
222,24/01/24,Wednesday,[2 p.m - 8 p.m),CAPTURE,VALID,GALLERY,MEX_NATIONAL_ID,F,2.12.6,BOTH,51
223,24/01/24,Wednesday,[2 p.m - 8 p.m),CAPTURE,VALID,GALLERY,MEX_NATIONAL_ID,F,2.12.6,BACK,12
224,24/01/24,Wednesday,[2 p.m - 8 p.m),CAPTURE,VALID,GALLERY,MEX_NATIONAL_ID,F,2.12.7,BOTH,2
225,24/01/24,Wednesday,[2 p.m - 8 p.m),CAPTURE,VALID,GALLERY,MEX_NATIONAL_ID,G,2.12.6,FRONT,1
226,24/01/24,Wednesday,[2 p.m - 8 p.m),CAPTURE,VALID,GALLERY,MEX_NATIONAL_ID,G,2.12.6,BOTH,30
227,24/01/24,Wednesday,[2 p.m - 8 p.m),CAPTURE,VALID,GALLERY,MEX_NATIONAL_ID,G,2.12.6,BACK,5
228,24/01/24,Wednesday,[2 p.m - 8 p.m),CAPTURE,VALID,GALLERY,MEX_NATIONAL_ID,H,2.12.6,FRONT,4
229,24/01/24,Wednesday,[2 p.m - 8 p.m),CAPTURE,VALID,GALLERY,MEX_NATIONAL_ID,H,2.12.6,BOTH,34
230,24/01/24,Wednesday,[2 p.m - 8 p.m),CAPTURE,VALID,GALLERY,MEX_NATIONAL_ID,H,2.12.6,BACK,10
231,24/01/24,Wednesday,[3 a.m - 8 a.m),CAPTURE,VALID,CAMERA,MEX_NATIONAL_ID,C,2.12.6,FRONT,6
232,24/01/24,Wednesday,[3 a.m - 8 a.m),CAPTURE,VALID,CAMERA,MEX_NATIONAL_ID,C,2.12.6,BOTH,42
233,24/01/24,Wednesday,[3 a.m - 8 a.m),CAPTURE,VALID,CAMERA,MEX_NATIONAL_ID,C,2.12.6,BACK,13
234,24/01/24,Wednesday,[3 a.m - 8 a.m),CAPTURE,VALID,CAMERA,MEX_NATIONAL_ID,D,2.12.6,FRONT,28
235,24/01/24,Wednesday,[3 a.m - 8 a.m),CAPTURE,VALID,CAMERA,MEX_NATIONAL_ID,D,2.12.6,BOTH,172
236,24/01/24,Wednesday,[3 a.m - 8 a.m),CAPTURE,VALID,CAMERA,MEX_NATIONAL_ID,D,2.12.6,BACK,27
237,24/01/24,Wednesday,[3 a.m - 8 a.m),CAPTURE,VALID,CAMERA,MEX_NATIONAL_ID,E,2.12.6,FRONT,15
238,24/01/24,Wednesday,[3 a.m - 8 a.m),CAPTURE,VALID,CAMERA,MEX_NATIONAL_ID,E,2.12.6,BOTH,76
239,24/01/24,Wednesday,[3 a.m - 8 a.m),CAPTURE,VALID,CAMERA,MEX_NATIONAL_ID,E,2.12.6,BACK,18
240,24/01/24,Wednesday,[3 a.m - 8 a.m),CAPTURE,VALID,CAMERA,MEX_NATIONAL_ID,F,2.12.6,FRONT,14
241,24/01/24,Wednesday,[3 a.m - 8 a.m),CAPTURE,VALID,CAMERA,MEX_NATIONAL_ID,F,2.12.6,BOTH,80
242,24/01/24,Wednesday,[3 a.m - 8 a.m),CAPTURE,VALID,CAMERA,MEX_NATIONAL_ID,F,2.12.6,BACK,15
243,24/01/24,Wednesday,[3 a.m - 8 a.m),CAPTURE,VALID,CAMERA,MEX_NATIONAL_ID,G,2.12.6,FRONT,5
244,24/01/24,Wednesday,[3 a.m - 8 a.m),CAPTURE,VALID,CAMERA,MEX_NATIONAL_ID,G,2.12.6,BOTH,37
245,24/01/24,Wednesday,[3 a.m - 8 a.m),CAPTURE,VALID,CAMERA,MEX_NATIONAL_ID,G,2.12.6,BACK,7
246,24/01/24,Wednesday,[3 a.m - 8 a.m),CAPTURE,VALID,CAMERA,MEX_NATIONAL_ID,H,2.12.6,FRONT,3
247,24/01/24,Wednesday,[3 a.m - 8 a.m),CAPTURE,VALID,CAMERA,MEX_NATIONAL_ID,H,2.12.6,BOTH,53
248,24/01/24,Wednesday,[3 a.m - 8 a.m),CAPTURE,VALID,CAMERA,MEX_NATIONAL_ID,H,2.12.6,BACK,15
249,24/01/24,Wednesday,[3 a.m - 8 a.m),CAPTURE,VALID,GALLERY,MEX_NATIONAL_ID,C,2.12.6,FRONT,5
250,24/01/24,Wednesday,[3 a.m - 8 a.m),CAPTURE,VALID,GALLERY,MEX_NATIONAL_ID,C,2.12.6,BOTH,15
251,24/01/24,Wednesday,[3 a.m - 8 a.m),CAPTURE,VALID,GALLERY,MEX_NATIONAL_ID,C,2.12.6,BACK,3
252,24/01/24,Wednesday,[3 a.m - 8 a.m),CAPTURE,VALID,GALLERY,MEX_NATIONAL_ID,D,2.12.6,FRONT,12
253,24/01/24,Wednesday,[3 a.m - 8 a.m),CAPTURE,VALID,GALLERY,MEX_NATIONAL_ID,D,2.12.6,BOTH,60
254,24/01/24,Wednesday,[3 a.m - 8 a.m),CAPTURE,VALID,GALLERY,MEX_NATIONAL_ID,D,2.12.6,BACK,16
255,24/01/24,Wednesday,[3 a.m - 8 a.m),CAPTURE,VALID,GALLERY,MEX_NATIONAL_ID,E,2.12.6,FRONT,3
256,24/01/24,Wednesday,[3 a.m - 8 a.m),CAPTURE,VALID,GALLERY,MEX_NATIONAL_ID,E,2.12.6,BOTH,21
257,24/01/24,Wednesday,[3 a.m - 8 a.m),CAPTURE,VALID,GALLERY,MEX_NATIONAL_ID,E,2.12.6,BACK,6
258,24/01/24,Wednesday,[3 a.m - 8 a.m),CAPTURE,VALID,GALLERY,MEX_NATIONAL_ID,F,2.12.6,FRONT,4
259,24/01/24,Wednesday,[3 a.m - 8 a.m),CAPTURE,VALID,GALLERY,MEX_NATIONAL_ID,F,2.12.6,BOTH,36
260,24/01/24,Wednesday,[3 a.m - 8 a.m),CAPTURE,VALID,GALLERY,MEX_NATIONAL_ID,F,2.12.6,BACK,9
261,24/01/24,Wednesday,[3 a.m - 8 a.m),CAPTURE,VALID,GALLERY,MEX_NATIONAL_ID,G,2.12.6,FRONT,1
262,24/01/24,Wednesday,[3 a.m - 8 a.m),CAPTURE,VALID,GALLERY,MEX_NATIONAL_ID,G,2.12.6,BOTH,11
263,24/01/24,Wednesday,[3 a.m - 8 a.m),CAPTURE,VALID,GALLERY,MEX_NATIONAL_ID,G,2.12.6,BACK,3
264,24/01/24,Wednesday,[3 a.m - 8 a.m),CAPTURE,VALID,GALLERY,MEX_NATIONAL_ID,H,2.12.6,FRONT,3
265,24/01/24,Wednesday,[3 a.m - 8 a.m),CAPTURE,VALID,GALLERY,MEX_NATIONAL_ID,H,2.12.6,BOTH,18
266,24/01/24,Wednesday,[3 a.m - 8 a.m),CAPTURE,VALID,GALLERY,MEX_NATIONAL_ID,H,2.12.6,BACK,2
267,25/01/24,Thursday,[08 a.m - 2 p.m),CAPTURE,VALID,CAMERA,MEX_NATIONAL_ID,H,2.12.6,BOTH,1
268,25/01/24,Thursday,[3 a.m - 8 a.m),CAPTURE,VALID,CAMERA,MEX_NATIONAL_ID,C,2.12.6,BOTH,5
269,25/01/24,Thursday,[3 a.m - 8 a.m),CAPTURE,VALID,CAMERA,MEX_NATIONAL_ID,C,2.12.6,BACK,2
270,25/01/24,Thursday,[3 a.m - 8 a.m),CAPTURE,VALID,CAMERA,MEX_NATIONAL_ID,D,2.12.6,BOTH,11
271,25/01/24,Thursday,[3 a.m - 8 a.m),CAPTURE,VALID,CAMERA,MEX_NATIONAL_ID,D,2.12.6,BACK,1
272,25/01/24,Thursday,[3 a.m - 8 a.m),CAPTURE,VALID,CAMERA,MEX_NATIONAL_ID,E,2.12.6,BOTH,2
273,25/01/24,Thursday,[3 a.m - 8 a.m),CAPTURE,VALID,CAMERA,MEX_NATIONAL_ID,E,2.12.6,BACK,1
274,25/01/24,Thursday,[3 a.m - 8 a.m),CAPTURE,VALID,CAMERA,MEX_NATIONAL_ID,F,2.12.6,FRONT,2
275,25/01/24,Thursday,[3 a.m - 8 a.m),CAPTURE,VALID,CAMERA,MEX_NATIONAL_ID,F,2.12.6,BOTH,6
276,25/01/24,Thursday,[3 a.m - 8 a.m),CAPTURE,VALID,CAMERA,MEX_NATIONAL_ID,F,2.12.6,BACK,1
277,25/01/24,Thursday,[3 a.m - 8 a.m),CAPTURE,VALID,CAMERA,MEX_NATIONAL_ID,G,2.12.6,BOTH,4
278,25/01/24,Thursday,[3 a.m - 8 a.m),CAPTURE,VALID,CAMERA,MEX_NATIONAL_ID,H,2.12.6,FRONT,1
279,25/01/24,Thursday,[3 a.m - 8 a.m),CAPTURE,VALID,CAMERA,MEX_NATIONAL_ID,H,2.12.6,BOTH,5
280,25/01/24,Thursday,[3 a.m - 8 a.m),CAPTURE,VALID,GALLERY,MEX_NATIONAL_ID,C,2.12.6,BOTH,2
281,25/01/24,Thursday,[3 a.m - 8 a.m),CAPTURE,VALID,GALLERY,MEX_NATIONAL_ID,D,2.12.6,FRONT,1
282,25/01/24,Thursday,[3 a.m - 8 a.m),CAPTURE,VALID,GALLERY,MEX_NATIONAL_ID,D,2.12.6,BOTH,5
283,25/01/24,Thursday,[3 a.m - 8 a.m),CAPTURE,VALID,GALLERY,MEX_NATIONAL_ID,E,2.12.6,BACK,1
284,25/01/24,Thursday,[3 a.m - 8 a.m),CAPTURE,VALID,GALLERY,MEX_NATIONAL_ID,F,2.12.6,BOTH,1
285,25/01/24,Thursday,[3 a.m - 8 a.m),CAPTURE,VALID,GALLERY,MEX_NATIONAL_ID,G,2.12.6,BOTH,2
286,25/01/24,Thursday,[3 a.m - 8 a.m),CAPTURE,VALID,GALLERY,MEX_NATIONAL_ID,H,2.12.6,BOTH,2
